ref_month,ipca_index
197912,7.6183e-9
198001,8.1223e-9
198002,8.4973e-9
198003,9.0104e-9
198004,9.4867e-9
198005,1.00277e-8
198006,1.05597e-8
198007,1.11453e-8
198008,1.16965e-8
198009,1.21913e-8
198010,1.33471e-8
198011,1.42378e-8
198012,1.51795e-8
198101,1.62174e-8
198102,1.72555e-8
198103,1.81134e-8
198104,1.92839e-8
198105,2.0356e-8
198106,2.14792e-8
198107,2.28229e-8
198108,2.40772e-8
198109,2.53429e-8
198110,2.66297e-8
198111,2.80335e-8
198112,2.96946e-8
198201,3.17628e-8
198202,3.38708e-8
198203,3.58057e-8
198204,3.79137e-8
198205,4.04382e-8
198206,4.33113e-8
198207,4.6065e-8
198208,4.88164e-8
198209,5.12964e-8
198210,5.35752e-8
198211,5.64085e-8
198212,6.08117e-8
198301,6.60665e-8
198302,7.12581e-8
198303,7.64919e-8
198304,8.15245e-8
198305,8.68097e-8
198306,9.53868e-8
198307,1.050003e-7
198308,1.145671e-7
198309,1.263682e-7
198310,1.375727e-7
198311,1.477314e-7
198312,1.605502e-7
198401,1.760737e-7
198402,1.92802e-7
198403,2.100357e-7
198404,2.300794e-7
198405,2.509021e-7
198406,2.761935e-7
198407,3.030524e-7
198408,3.313854e-7
198409,3.703168e-7
198410,4.089675e-7
198411,4.520168e-7
198412,5.061559e-7
198501,5.656761e-7
198502,6.271382e-7
198503,6.908698e-7
198504,7.474889e-7
198505,8.01277e-7
198506,8.693369e-7
198507,9.589916e-7
198508,1.0745459e-6
198509,1.1940075e-6
198510,1.3207687e-6
198511,1.5053189e-6
198512,1.7322163e-6
198601,1.9811765e-6
198602,2.233108e-6
198603,2.3396314e-6
198604,2.3578806e-6
198605,2.3908694e-6
198606,2.4212846e-6
198607,2.462696e-6
198608,2.5501983e-6
198609,2.5939494e-6
198610,2.6433156e-6
198611,2.7874369e-6
198612,3.1121777e-6
198701,3.523251e-6
198702,3.9684829e-6
198703,4.6181985e-6
198704,5.5002395e-6
198705,6.6801157e-6
198706,7.9968603e-6
198707,8.7333762e-6
198708,9.1587212e-6
198709,9.871373e-6
198710,1.09789545e-5
198711,1.26344777e-5
198712,1.44221901e-5
198801,1.7146457e-5
198802,1.98384369e-5
198803,2.33301029e-5
198804,2.7830389e-5
198805,3.26783343e-5
198806,3.98675537e-5
198807,4.86025677e-5
198808,5.90958147e-5
198809,7.53176493e-5
198810,9.46139936e-5
198811,1.210492553e-4
198812,1.557904426e-4
198901,2.141963e-4
198902,2.501384201e-4
198903,2.671978428e-4
198904,2.894554586e-4
198905,3.413257896e-4
198906,4.391155989e-4
198907,5.609261703e-4
198908,7.500144816e-4
198909,0.001031719911
198910,0.0014420348808
198911,0.0021316159803
198912,0.0032293981927
199001,0.0054108567454
199002,0.0095084984833
199003,0.017342550351
199004,0.0200341140678
199005,0.0215547032441
199006,0.0240873809519
199007,0.027199470492
199008,0.0307027623187
199009,0.0351270304097
199010,0.0401712720553
199011,0.0469240627842
199012,0.0555768600186
199101,0.0671090584724
199102,0.0810143888491
199103,0.0906736471203
199104,0.0951976035258
199105,0.1022725378062
199106,0.113715813284
199107,0.1278267780427
199108,0.1478066592194
199109,0.1709099599291
199110,0.2054843245466
199111,0.2572875157699
199112,0.3182886773263
199201,0.4008536605699
199202,0.4983410307284
199203,0.60498746741809994
199204,0.7255614652283
199205,0.9059361644186
199206,1.0890285720637
199207,1.3267641484791
199208,1.6205100844213
199209,2.0196408623306
199210,2.5293973801068
199211,3.0982598885128
199212,3.88025965509
199301,5.0579166458253
199302,6.3213843084293
199303,8.0445948724789
199304,10.2769672819025
199305,13.1226581300609
199306,17.0686429798089
199307,22.3121307612362
199308,29.6662109364145
199309,40.2540807309468
199310,53.9082648348533
199311,73.078046584524
199312,100
199401,141.31
199402,198.22
199403,282.96
199404,403.73
199405,581.49
199406,857.29
199407,915.93
199408,932.97
199409,947.24
199410,972.06
199411,999.37
199412,1016.46
199501,1033.74
199502,1044.28
199503,1060.47
199504,1086.24
199505,1115.24
199506,1140.44
199507,1167.35
199508,1178.91
199509,1190.58
199510,1207.37
199511,1225.12
199512,1244.23
199601,1260.9
199602,1273.89
199603,1278.35
199604,1294.46
199605,1310.25
199606,1325.84
199607,1340.56
199608,1346.46
199609,1348.48
199610,1352.53
199611,1356.86
199612,1363.24
199701,1379.33
199702,1386.23
199703,1393.3
199704,1405.56
199705,1411.32
199706,1418.94
199707,1422.06
199708,1421.78
199709,1422.63
199710,1425.9
199711,1428.32
199712,1434.46
199801,1444.64
199802,1451.29
199803,1456.22
199804,1459.71
199805,1467.01
199806,1467.3
199807,1465.54
199808,1458.07
199809,1454.86
199810,1455.15
199811,1453.4
199812,1458.2
199901,1468.41
199902,1483.83
199903,1500.15
199904,1508.55
199905,1513.08
199906,1515.95
199907,1532.47
199908,1541.05
199909,1545.83
199910,1564.23
199911,1579.09
199912,1588.56
200001,1598.41
200002,1600.49
200003,1604.01
200004,1610.75
200005,1610.91
200006,1614.62
200007,1640.62
200008,1662.11
200009,1665.93
200010,1668.26
200011,1673.6
200012,1683.47
200101,1693.07
200102,1700.86
200103,1707.32
200104,1717.22
200105,1724.26
200106,1733.23
200107,1756.28
200108,1768.57
200109,1773.52
200110,1788.24
200111,1800.94
200112,1812.65
200201,1822.08
200202,1828.64
200203,1839.61
200204,1854.33
200205,1858.22
200206,1866.02
200207,1888.23
200208,1900.5
200209,1914.18
200210,1939.26
200211,1997.83
200212,2039.78
200301,2085.68
200302,2118.43
200303,2144.49
200304,2165.29
200305,2178.5
200306,2175.23
200307,2179.58
200308,2186.99
200309,2204.05
200310,2210.44
200311,2217.96
200312,2229.49
200401,2246.43
200402,2260.13
200403,2270.75
200404,2279.15
200405,2290.77
200406,2307.03
200407,2328.02
200408,2344.08
200409,2351.82
200410,2362.17
200411,2378.47
200412,2398.92
200501,2412.83
200502,2427.07
200503,2441.87
200504,2463.11
200505,2475.18
200506,2474.68
200507,2480.87
200508,2485.09
200509,2493.79
200510,2512.49
200511,2526.31
200512,2535.4
200601,2550.36
200602,2560.82
200603,2571.83
200604,2577.23
200605,2579.81
200606,2574.39
200607,2579.28
200608,2580.57
200609,2585.99
200610,2594.52
200611,2602.56
200612,2615.05
200701,2626.56
200702,2638.12
200703,2647.88
200704,2654.5
200705,2661.93
200706,2669.38
200707,2675.79
200708,2688.37
200709,2693.21
200710,2701.29
200711,2711.55
200712,2731.62
200801,2746.37
200802,2759.83
200803,2773.08
200804,2788.33
200805,2810.36
200806,2831.16
200807,2846.16
200808,2854.13
200809,2861.55
200810,2874.43
200811,2884.78
200812,2892.86
200901,2906.74
200902,2922.73
200903,2928.57
200904,2942.63
200905,2956.46
200906,2967.1
200907,2974.22
200908,2978.68
200909,2985.83
200910,2994.19
200911,3006.47
200912,3017.59
201001,3040.22
201002,3063.93
201003,3079.86
201004,3097.42
201005,3110.74
201006,3110.74
201007,3111.05
201008,3112.29
201009,3126.29
201010,3149.74
201011,3175.88
201012,3195.89
201101,3222.42
201102,3248.2
201103,3273.86
201104,3299.07
201105,3314.58
201106,3319.55
201107,3324.86
201108,3337.16
201109,3354.85
201110,3369.28
201111,3386.8
201112,3403.73
201201,3422.79
201202,3438.19
201203,3445.41
201204,3467.46
201205,3479.94
201206,3482.72
201207,3497.7
201208,3512.04
201209,3532.06
201210,3552.9
201211,3574.22
201212,3602.46
201301,3633.44
201302,3655.24
201303,3672.42
201304,3692.62
201305,3706.28
201306,3715.92
201307,3717.03
201308,3725.95
201309,3738.99
201310,3760.3
201311,3780.61
201312,3815.39
201401,3836.37
201402,3862.84
201403,3898.38
201404,3924.5
201405,3942.55
201406,3958.32
201407,3958.72
201408,3968.62
201409,3991.24
201410,4008
201411,4028.44
201412,4059.86
201501,4110.2
201502,4160.34
201503,4215.26
201504,4245.19
201505,4276.6
201506,4310.39
201507,4337.11
201508,4346.65
201509,4370.12
201510,4405.95
201511,4450.45
201512,4493.17
201601,4550.23
201602,4591.18
201603,4610.92
201604,4639.05
201605,4675.23
201606,4691.59
201607,4715.99
201608,4736.74
201609,4740.53
201610,4752.86
201611,4761.42
201612,4775.7
201701,4793.85
201702,4809.67
201703,4821.69
201704,4828.44
201705,4843.41
201706,4832.27
201707,4843.87
201708,4853.07
201709,4860.83
201710,4881.25
201711,4894.92
201712,4916.46
201801,4930.72
201802,4946.5
201803,4950.95
201804,4961.84
201805,4981.69
201806,5044.46
201807,5061.11
201808,5056.56
201809,5080.83
201810,5103.69
201811,5092.97
201812,5100.61
201901,5116.93
201902,5138.93
201903,5177.47
201904,5206.98
201905,5213.75
201906,5214.27
201907,5224.18
201908,5229.93
201909,5227.84
201910,5233.07
201911,5259.76
201912,5320.25
202001,5331.42
202002,5344.75
202003,5348.49
202004,5331.91
202005,5311.65
202006,5325.46
202007,5344.63
202008,5357.46
202009,5391.75
202010,5438.12
202011,5486.52
202012,5560.59
202101,5574.49
202102,5622.43
202103,5674.72
202104,5692.31
202105,5739.56
202106,5769.98
202107,5825.37
202108,5876.05
202109,5944.21
202110,6018.51
202111,6075.69
202112,6120.04
202201,6153.09
202202,6215.24
202203,6315.93
202204,6382.88
202205,6412.88
202206,6455.85
202207,6411.95
202208,6388.87
202209,6370.34
202210,6407.93
202211,6434.2
202212,6474.09
202301,6508.4
202302,6563.07
202303,6609.67
202304,6649.99
202305,6665.28
202306,6659.95
202307,6667.94
202308,6683.28
202309,6700.66
202310,6716.74
202311,6735.55
202312,6773.27
202401,6801.72
202402,6858.17
202403,6869.14
202404,6895.24
202405,6926.96
202406,6941.51
202407,6967.89
202408,6966.5
202409,6997.15
202410,7036.33
202411,7063.77
202412,7100.5
202501,7111.86
202502,7205.03
202503,7245.38
202504,7276.54
202505,7295.46
202506,7312.97
202507,7331.98
202508,7323.91
202509,7359.06
202510,7365.68
202511,7378.94
202512,7403.29
202601,7427.72
202602,7479.71
202603,7545.53
202604,7596.09
202605,7640.15
202606,7652.37
202607,7657.73
